<?xml version="1.0" encoding="UTF-8"?>
<project-private xmlns="http://www.netbeans.org/ns/project-private/1">
    <editor-bookmarks xmlns="http://www.netbeans.org/ns/editor-bookmarks/2" lastBookmarkId="0"/>
    <open-files xmlns="http://www.netbeans.org/ns/projectui-open-files/2">
        <group>
            <file>file:/D:/codebase/humhub/modules/humhub-modules-wiki/views/page/history.php</file>
            <file>file:/D:/codebase/humhub/modules/humhub-modules-wiki/README.md</file>
            <file>file:/D:/codebase/humhub/modules/humhub-modules-wiki/config.php</file>
            <file>file:/D:/codebase/humhub/modules/humhub-modules-wiki/Module.php</file>
            <file>file:/D:/codebase/humhub/modules/humhub-modules-wiki/Markdown.php</file>
            <file>file:/D:/codebase/humhub/modules/humhub-modules-wiki/controllers/PageController.php</file>
            <file>file:/D:/codebase/humhub/modules/humhub-modules-wiki/permissions/ViewHistory.php</file>
            <file>file:/D:/codebase/humhub/modules/humhub-modules-wiki/views/page/view.php</file>
            <file>file:/D:/codebase/humhub/modules/humhub-modules-wiki/module.json</file>
        </group>
    </open-files>
</project-private>
